name,departement,region,Fermeture_Estivale,colors,longitude,latitude
C.A.D.A. DE BRETIGNY SUR ORGE,Essonne,Île-de-France,Ouvert,green,2.3039148000000296,48.6155196
La Mission Intercommunale Vers l’Emploi (MIVE),Essonne,Île-de-France,Ouvert,green,2.4796991000000617,48.6127343
Centre administratif,Essonne,Île-de-France,Ouvert,green,2.4796625999999833,48.613888
CCAS de Corbeil-Essonnes,Essonne,Île-de-France,Ouvert,green,2.484918,48.6111599
Caisse d'Allocations Familiales (CAF) de Corbeil-Essonnes,Essonne,Île-de-France,Ouvert,green,2.478976399999965,48.61065680000001
GRETA Est Essonne,Essonne,Île-de-France,Ouvert,green,2.4589806999999837,48.6133508
Association Renaissance et Culture Corbeil-Essonnes,Essonne,Île-de-France,Ouvert,green,2.475958799999944,48.5973099
Secours populaire Français - Corbeil Essonnes et Environs,Essonne,Île-de-France,Fermé,red,2.474495100000013,48.6102026
Restos du coeur Evry,Essonne,Île-de-France,Ouvert,green,2.4445276999999805,48.62471559999999
Sucre d’Orge Epicerie sociale solidaire,Essonne,Île-de-France,Ouvert,green,2.2905796999999666,48.6021052
Grain de Sel Epicerie Solidaire,Essonne,Île-de-France,Ouvert,green,2.0106758,48.5270705
Episode Epicerie Sociale ,Essonne,Île-de-France,Ouvert,green,2.4318094999999857,48.6285281
Epicerie sociale L’intermède,Essonne,Île-de-France,Ouvert,green,2.3890668000000232,48.6542733
La Passerelle du Soleil Epicerie Sociale,Essonne,Île-de-France,Ouvert,green,2.1683375,48.6851371
Carrefour des solidarités Epicerie Sociale,Essonne,Île-de-France,Fermé,red,2.08940419999999,48.6434733
La Clé Epicerie Sociale,Essonne,Île-de-France,Ouvert,green,2.299137900000005,48.68788379999999
Epicerie sociale l'Epi,Essonne,Île-de-France,Ouvert,green,2.2627101000000494,48.73537989999999
Mon Epice'Rit Epicerie Sociale,Essonne,Île-de-France,Ouvert,green,2.2412671,48.7120536
L’Etape Epicerie Sociale,Essonne,Île-de-France,Ouvert,green,2.2441842000000634,48.7147514
La Boutique Epicerie Sociale,Essonne,Île-de-France,Ouvert,green,2.410731700000042,48.65735539999999
Boutique solidaire,Essonne,Île-de-France,Ouvert,green,2.4102757000000565,48.6549023
ASR - Aides et secours ô Rissois,Essonne,Île-de-France,Ouvert,green,2.409177399999976,48.6496818
Croix-Rouge Évry ,Essonne,Île-de-France,Ouvert,green,2.4529254000000265,48.62693119999999
L'Oasis Epicerie Sociale,Essonne,Île-de-France,Ouvert,green,2.364923200000021,48.6745838
La Clairière Epicerie Sociale,Essonne,Île-de-France,Ouvert,green,2.3061787000000322,48.6362541
ESCALE Epicerie Solidaire,Essonne,Île-de-France,Ouvert,green,2.347295000000031,48.64034589999999
L'Epicyerres Epicerie solidaire,Essonne,Île-de-France,Ouvert,green,2.4832671,48.711379
Centre de l’Essonne,Essonne,Île-de-France,Ouvert,green,2.368885999999975,48.68853439999999
Maison du monde Evry,Essonne,Île-de-France,Ouvert,green,2.4291643999999906,48.6280642
Fontaine,Essonne,Île-de-France,Ouvert,green,2.242802900000015,48.7120896
Fontaine,Essonne,Île-de-France,Ouvert,green,2.247557400000005,48.7213694
Toilettes,Essonne,Île-de-France,Ouvert,green,2.2437188000000106,48.7118593
Fontaine Wallace,Essonne,Île-de-France,Ouvert,green,2.227720999999974,48.741372
Fontaine,Essonne,Île-de-France,Ouvert,green,2.225633700000003,48.74192469999999
Cimetière d'Igny,Essonne,Île-de-France,Ouvert,green,2.2280708000000686,48.7394664
Fontaine,Essonne,Île-de-France,Ouvert,green,2.211684,48.737724
Fontaine + WC,Essonne,Île-de-France,Ouvert,green,2.3756808000000547,48.6912658
Square Cheveau,Essonne,Île-de-France,Ouvert,green,2.359737,48.695352
Jardin Debussy Champagne,Essonne,Île-de-France,Ouvert,green,2.3569835000000694,48.6965102
Fontaine,Essonne,Île-de-France,Ouvert,green,2.2146778999999697,48.7525175
Fontaine,Essonne,Île-de-France,Ouvert,green,2.20923,48.75376
Fontaine,Essonne,Île-de-France,Ouvert,green,2.2141085000000658,48.7551948
Cimetière de Verrières-le-Buisson,Essonne,Île-de-France,Ouvert,green,2.262778400000002,48.7514896
Fontaine,Essonne,Île-de-France,Ouvert,green,2.2627370000000155,48.7475242
Vieux cimetière de Wissous,Essonne,Île-de-France,Ouvert,green,2.331291,48.728502
Parc Georges Brassens,Essonne,Île-de-France,Ouvert,green,2.29127,48.72695
Lac de la Blanchette,Essonne,Île-de-France,Ouvert,green,2.28929,48.72872
Fontaine,Essonne,Île-de-France,Ouvert,green,2.27666,48.72999
Fontaine,Essonne,Île-de-France,Ouvert,green,2.2747014000000263,48.729226
Fontaine,Essonne,Île-de-France,Ouvert,green,2.26988,48.72688
Parc Ampère,Essonne,Île-de-France,Ouvert,green,2.26602,48.72009
Fontaine,Essonne,Île-de-France,Ouvert,green,2.268503799999962,48.7270511
Cimetière des Sablons,Essonne,Île-de-France,Ouvert,green,2.2775985000000674,48.7341971
Skatepark,Essonne,Île-de-France,Ouvert,green,2.26933,48.73436
Parc Descartes,Essonne,Île-de-France,Ouvert,green,2.3004571999999825,48.7340049
Cimetière municipal,Essonne,Île-de-France,Ouvert,green,2.3876227000000654,48.7108798
WC,Essonne,Île-de-France,Ouvert,green,2.2732733999999937,48.729819
Centre commercial Cora,Essonne,Île-de-France,Ouvert,green,2.2775976000000355,48.72459629999999
Gare de Massy,Essonne,Île-de-France,Ouvert,green,2.261219399999959,48.72578910000001
Place des Italiens,Essonne,Île-de-France,Ouvert,green,2.2879106999999976,48.7316008
WC,Essonne,Île-de-France,Ouvert,green,2.267484999999965,48.7468728
WC,Essonne,Île-de-France,Ouvert,green,2.328761399999962,48.7351417
RESF (Réseau Education Sans Frontières) Grigny,Essonne,Île-de-France,Fermé,red,2.3900232,48.65510159999999
La Cimade - Massy,Essonne,Île-de-France,Fermé,red,2.274251999999933,48.7286708
MRAP (Mouvement contre le Racisme et pour l’Amitié entre les Peuples) Morsang-sur-Orge,Essonne,Île-de-France,Ouvert,green,2.3483699999999317,48.652403
LDH (Ligue des Droits de l'Homme et du Citoyen) Orsay,Essonne,Île-de-France,Ouvert,green,2.18898020000006,48.699248
ASTI Les Ulis,Essonne,Île-de-France,Ouvert,green,2.1644097999999303,48.6821365
Bibliothèque Municipale d'Arpajon,Essonne,Île-de-France,Ouvert,green,2.2518694000000323,48.5898592
Médiathèque de l'Agora,Essonne,Île-de-France,Modification,orange,2.429160599999932,48.6281025
Epicerie Sociale de Courcouronnes,Essonne,Île-de-France,Ouvert,green,2.418097,48.6285785
Croix-Rouge Corbeil,Essonne,Île-de-France,Ouvert,green,2.4753421,48.5946199
Croix-Rouge Etampes,Essonne,Île-de-France,Ouvert,green,2.1503767,48.4390071
Croix-Rouge Viry Chatillon,Essonne,Île-de-France,Ouvert,green,2.364763,48.674539
Epicerie Sociale,Essonne,Île-de-France,Ouvert,green,2.3648864,48.674642
Croix-Rouge Saint-Germain-Lès-Arpajon,Essonne,Île-de-France,Ouvert,green,2.2531183,48.5921837
Epicerie Sociale de Savigny,Essonne,Île-de-France,Ouvert,green,2.3461437,48.67995699999999
Centre de distribution alimentaire Les Ulis (Croix-Rouge Vallées Bièvre Yvette),Essonne,Île-de-France,Ouvert,green,2.1694601,48.6855811
Resto du Cœur Centre d'activités d'Etampes,Essonne,Île-de-France,Ouvert,green,2.1503648,48.43913329999999
Resto du Cœur Centre d'activité de Ballancourt sur Essonne,Essonne,Île-de-France,Ouvert,green,2.3864456,48.5247988
Resto du Cœur Centre d'activités de Dourdan,Essonne,Île-de-France,Ouvert,green,2.007562999999999,48.5248252
Secours catholique Ballancourt sur Essonne,Essonne,Île-de-France,Modification,orange,2.3865882,48.5255082
Entraide et Solidarité,Essonne,Île-de-France,Ouvert,green,2.465323,48.61741199999999
Secours populaire de Palaiseau / Villebon,Essonne,Île-de-France,Fermé,red,2.2412991,48.7120431
Secours populaire de Ris Orangis,Essonne,Île-de-France,Ouvert,green,2.4105092,48.6548941
Secours populaire  Etampes,Essonne,Île-de-France,Fermé,red,2.1503648,48.43913329999999
Secours populaire d'Etampes,Essonne,Île-de-France,Ouvert,green,2.1503648,48.43913329999999
Secours populaire de Yerres,Essonne,Île-de-France,Fermé,red,2.4885441,48.7130798
Secours populaire de Brunoy,Essonne,Île-de-France,Fermé,red,2.502016,48.698918
Secours populaire de Savigny sur Orge,Essonne,Île-de-France,Ouvert,green,2.3479062,48.69533259999999
Croix-Rouge Limours,Essonne,Île-de-France,Ouvert,green,2.0807783,48.6413282
Croix-Rouge Les trois vallées,Essonne,Île-de-France,Ouvert,green,2.1254235,48.5532391
Croix-Rouge Les deux rivières,Essonne,Île-de-France,Ouvert,green,2.2970962,48.7375725
Epicerie sociale Val d'Orge,Essonne,Île-de-France,Ouvert,green,2.3370343,48.6597234
Centre IPC site de Corbeil-Essonnes / Bilan de santé,Essonne,Île-de-France,Fermé,red,2.4746494,48.6127253
DOM’ASILE – Orsay,Essonne,Île-de-France,Ouvert,green,2.1883238,48.6988783
PMI Angerville,Essonne,Île-de-France,Ouvert,green,1.9983776,48.3117622
PMI Arpajon,Essonne,Île-de-France,Ouvert,green,2.2413615,48.58522289999999
PMI Athis-Mons,Essonne,Île-de-France,Ouvert,green,2.3659641,48.7054537
PMI Mennecy,Essonne,Île-de-France,Ouvert,green,2.4439409,48.56915859999999
PMI Bondoufle,Essonne,Île-de-France,Ouvert,green,2.3692523,48.6103435
PMI Brétigny-sur-Orge,Essonne,Île-de-France,Ouvert,green,2.2967584,48.6067976
PMI Breuillet,Essonne,Île-de-France,Ouvert,green,2.1711478,48.5695303
PMI Brunoy,Essonne,Île-de-France,Ouvert,green,2.5249168,48.7081901
PMI Chilly-Mazarin,Essonne,Île-de-France,Ouvert,green,2.3136379,48.7028902
PMI Alzira - Corbeil-Essonnes ,Essonne,Île-de-France,Ouvert,green,2.465317900000001,48.5976269
PMI Henri Dunant - Corbeil-Essonnes,Essonne,Île-de-France,Ouvert,green,2.4846445,48.6049294
PMI Jean Jaurès - Corbeil-Essonnes,Essonne,Île-de-France,Ouvert,green,2.4593012,48.6139932
PMI Dourdan,Essonne,Île-de-France,Ouvert,green,2.0130113,48.5291925
PMI Draveil,Essonne,Île-de-France,Ouvert,green,2.4251944,48.6915801
PMI Viry-Chatillon,Essonne,Île-de-France,Ouvert,green,2.3659399,48.6713494
PMI les Mozards - Corbeil-Essonnes,Essonne,Île-de-France,Ouvert,green,2.4798078,48.59287579999999
PMI Savigny-sur-Orge,Essonne,Île-de-France,Ouvert,green,2.3399258,48.6745184
PMI Epinay-sous-Sénart,Essonne,Île-de-France,Ouvert,green,2.5238436,48.69570770000001
PMI Epinay-sur-Orge,Essonne,Île-de-France,Ouvert,green,2.322412,48.6735534
PMI Sainte-Geneviève-des-Bois,Essonne,Île-de-France,Ouvert,green,2.3478081,48.6407385
PMI Igny,Essonne,Île-de-France,Ouvert,green,2.2271716,48.7388466
PMI Orsay,Essonne,Île-de-France,Ouvert,green,2.1891841,48.6980162
PMI d'Ozonville - Athis-Mons,Essonne,Île-de-France,Ouvert,green,2.3872555,48.70857669999999
PMI Courcouronnes,Essonne,Île-de-France,Ouvert,green,2.4173507,48.6310933
PMI Fleury-Mérogis,Essonne,Île-de-France,Ouvert,green,2.363645,48.6371948
PMI Gif-sur-Yvette,Essonne,Île-de-France,Ouvert,green,2.1288705,48.6974935
PMI Grigny - Grande borne,Essonne,Île-de-France,Ouvert,green,2.3714046,48.6546718
PMI Juvisy-sur-Orge,Essonne,Île-de-France,Ouvert,green,2.3836978,48.6867867
PMI de l'Agora - Evry-Courcouronnes,Essonne,Île-de-France,Ouvert,green,2.4292285,48.6303817
PMI de Limours,Essonne,Île-de-France,Ouvert,green,2.0807783,48.6413282
PMI Lisses,Essonne,Île-de-France,Ouvert,green,2.4286793,48.6001084
PMI Longjumeau,Essonne,Île-de-France,Ouvert,green,2.2972951,48.686339
PMI Marcoussis,Essonne,Île-de-France,Ouvert,green,2.2315612,48.6426442
PMI Massy,Essonne,Île-de-France,Ouvert,green,2.2911431,48.7326217
PMI Montgeron,Essonne,Île-de-France,Ouvert,green,2.4554395,48.7070748
PMI Morsang-sur-Orge,Essonne,Île-de-France,Ouvert,green,2.3517524,48.65421970000001
PMI Palaiseau,Essonne,Île-de-France,Ouvert,green,2.2523502,48.71664939999999
PMI Quincy-sous-Sénart,Essonne,Île-de-France,Ouvert,green,2.532897900000001,48.68017280000001
PMI Ris-Orangis,Essonne,Île-de-France,Ouvert,green,2.4116312,48.65617830000001
PMI Ris-Orangis (Moulin à vent),Essonne,Île-de-France,Ouvert,green,2.40556,48.6496213
PMI Saint-Germain-lès-Arpajon,Essonne,Île-de-France,Ouvert,green,2.259129,48.5926789
PMI Saint-Michel-sur-Orge,Essonne,Île-de-France,Ouvert,green,2.3238272,48.63374170000001
PMI Yerres,Essonne,Île-de-France,Ouvert,green,2.4991512,48.7094017
PMI des Pyramides d'Evry,Essonne,Île-de-France,Ouvert,green,2.429812800000001,48.63412719999999
PMI du Bosquet des Ulis,Essonne,Île-de-France,Ouvert,green,2.1642477,48.68029500000001
PMI du Parc aux Lièvres - Evry,Essonne,Île-de-France,Ouvert,green,2.4475638,48.6268563
PMI d'Eynard - Etampes,Essonne,Île-de-France,Ouvert,green,2.1546727,48.43597200000001
PMI Les Ulis ,Essonne,Île-de-France,Ouvert,green,2.1723358,48.67606249999999
PMI Blériot - Vigneux-sur-Seine,Essonne,Île-de-France,Ouvert,green,2.4246043,48.7017769
PMI Brossolette - Vigneux-sur-Seine,Essonne,Île-de-France,Ouvert,green,2.4382661,48.7018316
PMI Villaine - Massy,Essonne,Île-de-France,Ouvert,green,2.259634399999999,48.73425959999999
Accueil de Jour Jean Marfaing,Essonne,Île-de-France,Fermé,red,2.3721084,48.70092650000001
Accueil de jour Corbeil-Essonnes,Essonne,Île-de-France,Ouvert,green,2.4809213,48.6105502
Accueil de jour - Massy,Essonne,Île-de-France,Ouvert,green,2.271974,48.721158
Association Départementale des Gens du Voyage (ADGVE),Essonne,Île-de-France,Ouvert,green,2.4338832,48.5965194
Service Domiciliation Croix-Rouge d'Evry,Essonne,Île-de-France,Ouvert,green,2.4319441,48.6370574
Femmes Solidarité LEAO ,Essonne,Île-de-France,Ouvert,green,2.418406,48.6583666
Secours Catholique Corbeil-Essonnes,Essonne,Île-de-France,Fermé,red,2.474506099999999,48.61248619999999
Secours Catholique Etampes,Essonne,Île-de-France,Modification,orange,2.1533032,48.43124900000001
Secours Catholique Grigny,Essonne,Île-de-France,Fermé,red,2.3908098,48.6556515
Secours Catholique d'Orsay,Essonne,Île-de-France,Fermé,red,2.1883238,48.6988783
Secours Catholique des Ulis,Essonne,Île-de-France,Modification,orange,2.170694999999999,48.68258399999999
Secours Catholique Dourdan,Essonne,Île-de-France,Fermé,red,2.0092402,48.5295059
Secours Catholique Milly-la-Forêt,Essonne,Île-de-France,Modification,orange,2.466206,48.40139680000001
Secours Catholique Méréville,Essonne,Île-de-France,Modification,orange,2.0871946,48.3149165
Secours Catholique St-Michel-sur-Orge,Essonne,Île-de-France,Modification,orange,2.3217768,48.634587
CSAPA Arpajon,Essonne,Île-de-France,Fermé,red,2.2413615,48.58522289999999
CSAPA Val d'Orge,Essonne,Île-de-France,Fermé,red,2.3731274,48.69859169999999
CSAPA Orsay,Essonne,Île-de-France,Ouvert,green,2.1870974,48.6988079
P.E.R.E.N. (Point Ecoute Relais Essonne Nord),Essonne,Île-de-France,Ouvert,green,2.418406,48.6583666
ANTEA (Antenne Enfants et Adolescents) Athis-Mons,Essonne,Île-de-France,Ouvert,green,2.3932851,48.7116305
ANTEA (Antenne Enfants et Adolescents) Ris-Orangis,Essonne,Île-de-France,Ouvert,green,2.418406,48.6583666
Mission Locale Courcouronnes,Essonne,Île-de-France,Ouvert,green,2.4153894,48.6307346
Mission locale Sud Essonne,Essonne,Île-de-France,Ouvert,green,2.1515991,48.4307567
Mission locale Brétigny-sur-Orge,Essonne,Île-de-France,Ouvert,green,2.2905797,48.6021052
Mission locale Briis-sous-Forges,Essonne,Île-de-France,Ouvert,green,2.1263329,48.61864529999999
Mission locale Grigny,Essonne,Île-de-France,Ouvert,green,2.3960529,48.65107
Mission locale Juvisy-sur-Orge,Essonne,Île-de-France,Ouvert,green,2.375240599999999,48.6918066
"VITA-LIS, Mission locale Paris Saclay- Antenne de Massy",Essonne,Île-de-France,Fermé,red,2.2925057,48.7321877
Mission locale Sainte-Geneviève-des-Bois,Essonne,Île-de-France,Ouvert,green,2.331168,48.63496910000001
"VITA-LIS, Mission Locale Paris Saclay- Antenne Les Ulis",Essonne,Île-de-France,Fermé,red,2.1737075,48.6861352
Médiathèque Jacques Prévert Villiers-sur-Orge,Essonne,Île-de-France,Ouvert,green,2.3008216,48.65489410000001
Médiathèque Andrée Chedid Villemoisson-sur-Orge,Essonne,Île-de-France,Ouvert,green,2.327392699999999,48.6602793
Médiathèque Louis Aragon Morsang-sur-Orge,Essonne,Île-de-France,Ouvert,green,2.3529404,48.6645451
Médiathèque Longpont-sur-Orge,Essonne,Île-de-France,Ouvert,green,2.291185,48.641014
Bibliothèque François Mauriac Sainte-Geneviève-des-Bois,Essonne,Île-de-France,Ouvert,green,2.3318979,48.6395087
 Bibliothèque Honoré de Balzac Sainte-Geneviève-des-Bois,Essonne,Île-de-France,Ouvert,green,2.3480119,48.6410206
Bibliothèque Jean Rostand Sainte-Geneviève-des-Bois,Essonne,Île-de-France,Ouvert,green,2.3049828,48.6506693
CCAS Marolles-en-Hurepoix,Essonne,Île-de-France,Fermé,red,2.2982652,48.5620402
PIMMS Médiation Evry ,Essonne,Île-de-France,Ouvert,green,2.4295235,48.6329582
Génération Femmes,Essonne,Île-de-France,Ouvert,green,2.4298271,48.6342119
Bibliothèque Arpajon,Essonne,Île-de-France,Ouvert,green,2.2518694,48.5898592
Médiathèque Brétigny-sur-Orge,Essonne,Île-de-France,Ouvert,green,2.2992129,48.6055023
Médiathèque Espace Jules Verne Brétigny-sur-Orge,Essonne,Île-de-France,Ouvert,green,2.3130809,48.6112121
Médiathèque de Breuillet,Essonne,Île-de-France,Ouvert,green,2.1720975,48.5641162
Médiathèque Bruyères-le-Châtel,Essonne,Île-de-France,Ouvert,green,2.1918274,48.5935718
Médiathèque de Cheptainville,Essonne,Île-de-France,Ouvert,green,2.2674497,48.551418
Médiathèque Elsa Triolet,Essonne,Île-de-France,Ouvert,green,2.36367,48.6376736
Médiathèque le marque page,Essonne,Île-de-France,Ouvert,green,2.2608479,48.5833484
Médiathèque Alexandre Dumas,Essonne,Île-de-France,Ouvert,green,2.3251216,48.6117126
Médiathèque les lavandières,Essonne,Île-de-France,Ouvert,green,2.2644844,48.6162181
Médiathèque Jean Farges,Essonne,Île-de-France,Ouvert,green,2.3028611,48.5611008
Médiathèque Espace Simone Veil,Essonne,Île-de-France,Ouvert,green,2.2172736,48.5919894
Bibliothèque annexe de La Roche,Essonne,Île-de-France,Ouvert,green,2.238399,48.6019531
Pôle Emploi Arpajon,Essonne,Île-de-France,Ouvert,green,2.2398142,48.5851227
Pôle Emploi Brétigny-sur-Orge,Essonne,Île-de-France,Ouvert,green,2.2983896,48.6048133
Pôle Emploi Brunoy,Essonne,Île-de-France,Ouvert,green,2.506198099999999,48.7022199
Pôle Emploi Corbeil-Essonnes,Essonne,Île-de-France,Ouvert,green,2.4848873,48.6119892
Pôle Emploi Dourdan,Essonne,Île-de-France,Ouvert,green,2.011343,48.53380899999999
Pôle Emploi Etampes,Essonne,Île-de-France,Ouvert,green,2.1486356,48.4290459
Pôle Emploi Evry,Essonne,Île-de-France,Ouvert,green,2.4309259,48.627471
Pôle Emploi Juvisy-sur-Orge,Essonne,Île-de-France,Ouvert,green,2.3711507,48.69586630000001
Pôle Emploi Les Ulis,Essonne,Île-de-France,Ouvert,green,2.1784358,48.685014
Pôle Emploi Longjumeau,Essonne,Île-de-France,Ouvert,green,2.287183199999999,48.6945051
Pôle Emploi Palaiseau,Essonne,Île-de-France,Ouvert,green,2.2485062,48.7173094
Pôle Emploi Sainte-Geneviève-des-Bois,Essonne,Île-de-France,Ouvert,green,2.3329532,48.6382578
Pôle Emploi Savigny-sur-Orge,Essonne,Île-de-France,Ouvert,green,2.334111,48.6921054
Pôle Emploi Viry-Châtillon,Essonne,Île-de-France,Ouvert,green,2.3885392,48.6762944
CCAS Etampes,Essonne,Île-de-France,Ouvert,green,2.1611738,48.4348066
CCAS Angerville,Essonne,Île-de-France,Ouvert,green,1.9977842,48.3107008
CCAS Arpajon,Essonne,Île-de-France,Ouvert,green,2.2467139,48.5897443
CCAS Athis-Mons,Essonne,Île-de-France,Ouvert,green,2.3853046,48.7056477
Service social de la Mairie d'Avrainville,Essonne,Île-de-France,Ouvert,green,2.2450681,48.5613755
CCAS Ballainviliers,Essonne,Île-de-France,Ouvert,green,2.2924574,48.6764592
CCAS Ballancourt,Essonne,Île-de-France,Modification,orange,2.3859693,48.5255055
CCAS Bondoufle,Essonne,Île-de-France,Ouvert,green,2.3800502,48.6132937
CCAS Bouray-sur-Juine,Essonne,Île-de-France,Ouvert,green,2.2995058,48.5207741
CCAS Boussy Saint Antoine,Essonne,Île-de-France,Ouvert,green,2.5289012,48.690484
CCAS Brétigny-sur-Orge,Essonne,Île-de-France,Ouvert,green,2.3061778,48.603377
CCAS Breuillet,Essonne,Île-de-France,Ouvert,green,2.173117,48.56668320000001
CCAS Brunoy,Essonne,Île-de-France,Ouvert,green,2.5039558,48.6979127
CCAS Bures-sur-Yvette,Essonne,Île-de-France,Ouvert,green,2.1639274,48.6968768
CCAS Chilly-Mazarin,Essonne,Île-de-France,Ouvert,green,2.3139927,48.7017472
CCAS Crosne,Essonne,Île-de-France,Ouvert,green,2.4577547,48.71663419999999
CCAS d'Evry-Courcouronnes,Essonne,Île-de-France,Ouvert,green,2.4283485,48.6240806
CCAS Soisy-sur-Seine,Essonne,Île-de-France,Fermé,red,2.4523821,48.6459171
CCAS Dourdan,Essonne,Île-de-France,Ouvert,green,2.0130113,48.5291925
CCAS Draveil,Essonne,Île-de-France,Ouvert,green,2.419952,48.7002546
CCAS Egly,Essonne,Île-de-France,Ouvert,green,2.2219566,48.5800375
CCAS Epinay-sous-Sénart,Essonne,Île-de-France,Ouvert,green,2.514760700000001,48.6947903
CCAS Epinay-sur-Orge,Essonne,Île-de-France,Ouvert,green,2.3239685,48.6725153
CCAS Fleury Merogis,Essonne,Île-de-France,Ouvert,green,2.3607535,48.6299946
Maison de justice et du droit (Grand-Orly Seine Bièvre),Essonne,Île-de-France,Fermé,red,2.372312099999999,48.6985104
Maison de justice et du droit d'Etampes,Essonne,Île-de-France,Fermé,red,2.1523467,48.43159629999999
Maison de justice et du droit Paris-Saclay,Essonne,Île-de-France,Ouvert,green,2.16745,48.684757
Maison de justice et du droit,Essonne,Île-de-France,Ouvert,green,2.3384481,48.65977780000001
PASS Juvisy-sur-Orge,Essonne,Île-de-France,Fermé,red,2.3735831,48.69117000000001
PASS Longjumeau,Essonne,Île-de-France,Ouvert,green,2.2912174,48.6924608
PASS Orsay,Essonne,Île-de-France,Ouvert,green,2.1870974,48.6988079
Pôle Familles,Essonne,Île-de-France,Ouvert,green,2.3807868,48.6856433
Pôle prévention,Essonne,Île-de-France,Fermé,red,2.380726,48.68588159999999
CCAS Milly-la-Forêt,Essonne,Île-de-France,Fermé,red,2.4673194,48.4031739
CCAS Gif-sur-Yvette,Essonne,Île-de-France,Modification,orange,2.1339425,48.7018272
CCAS Grigny,Essonne,Île-de-France,Fermé,red,2.3786857,48.6502762
CCAS Juvisy,Essonne,Île-de-France,Ouvert,green,2.374643,48.6890946
CCAS Lardy,Essonne,Île-de-France,Modification,orange,2.2634601,48.5219865
Secours populaire Milly-la-Forêt,Essonne,Île-de-France,Fermé,red,2.4665254,48.4015644
Secours populaire de l'Arpajonnais,Essonne,Île-de-France,Fermé,red,2.2587225,48.5947722
Secours populaire Lisses,Essonne,Île-de-France,Fermé,red,2.4250194,48.597136
Secours populaire Université d'Evry,Essonne,Île-de-France,Fermé,red,2.4273327,48.62416839999999
Secours populaire Evry,Essonne,Île-de-France,Fermé,red,2.4291135,48.6285738
Secours populaire Grigny,Essonne,Île-de-France,Fermé,red,2.378862,48.6479376
Secours populaire Fleury-Mérogis,Essonne,Île-de-France,Fermé,red,2.3651922,48.6401093
Secours populaire Sainte-Geneviève-des-Bois,Essonne,Île-de-France,Fermé,red,2.347931,48.6414928
Secours populaire Morsang-sur-Orge,Essonne,Île-de-France,Fermé,red,2.3405189,48.6579175
Secours populaire La Ville-du-Bois,Essonne,Île-de-France,Fermé,red,2.2739742,48.6554705
Secours populaire Epinay-sur-Orge,Essonne,Île-de-France,Fermé,red,2.3226005,48.6721037
Secours populaire Les Ulis,Essonne,Île-de-France,Fermé,red,2.1653489,48.6823467
Secours populaire Orsay-Saclay,Essonne,Île-de-France,Fermé,red,2.1841596,48.6972155
Secours populaire Massy,Essonne,Île-de-France,Fermé,red,2.2554194,48.7338891
Secours populaire Verrières-le-Buisson,Essonne,Île-de-France,Fermé,red,2.2564481,48.7393008
Secours populaire Morangis,Essonne,Île-de-France,Fermé,red,2.3428397,48.6952881
Secours populaire Savigny-sur-Orge,Essonne,Île-de-France,Fermé,red,2.349297,48.699001
Secours populaire Athis-Mons,Essonne,Île-de-France,Fermé,red,2.3575438,48.70059819999999
Secours populaire Montgeron,Essonne,Île-de-France,Fermé,red,2.4518762,48.7092533
"VITA-LIS, Mission Locale Paris Saclay- Antenne de Palaiseau et siège social",Essonne,Île-de-France,Fermé,red,2.2523502,48.71664939999999
Centre Social MJC,Essonne,Île-de-France,Fermé,red,2.3192499,48.70338089999999
CCAS Villiers-sur-Orge,Essonne,Île-de-France,Ouvert,green,2.2986528,48.6580165
CCAS Igny,Essonne,Île-de-France,Ouvert,green,2.2260174,48.7421747
CCAS Quincy-sous-Sénart,Essonne,Île-de-France,Ouvert,green,2.5404148,48.6715826
CCAS Saulx-les-Chartreux,Essonne,Île-de-France,Ouvert,green,2.2642471,48.6913653
CCAS Villabé,Essonne,Île-de-France,Ouvert,green,2.4544066,48.5889526
CCAS Morangis,Essonne,Île-de-France,Ouvert,green,2.3318857,48.7051647
CCAS Yerres,Essonne,Île-de-France,Ouvert,green,2.480904,48.7106317
CCAS Savigny-sur-Orge,Essonne,Île-de-France,Ouvert,green,2.3459697,48.6791575
Secours Catholique Angerville,Essonne,Île-de-France,Fermé,red,1.9974407,48.312206
Epicerie « Foyer solidaire des 3 Vallées »,Essonne,Île-de-France,Ouvert,green,2.2372505,48.5754471
Secours Catholique A.B.E. (Arpajon-Breuillet-Egly),Essonne,Île-de-France,Modification,orange,2.2222222,48.5801333
Secours Catholique Evry,Essonne,Île-de-France,Fermé,red,2.4313054,48.62661259999999
Secours Catholique Soisy-sur-Seine,Essonne,Île-de-France,Modification,orange,2.4526558,48.6411064
Secours Catholique Sainte-Geneviève-des-Bois,Essonne,Île-de-France,Fermé,red,2.3467713,48.6408985
APESE Haïti,Essonne,Île-de-France,Modification,orange,2.4311704,48.64236940000001
Secours Catholique Morsang-sur-Orge,Essonne,Île-de-France,Modification,orange,2.348278800000001,48.652137
Secours Catholique Viry-Châtillon,Essonne,Île-de-France,Modification,orange,2.373807,48.6710354
Secours Catholique Draveil,Essonne,Île-de-France,Modification,orange,2.401252,48.6803836
Secours Catholique Savigny-sur-Orge,Essonne,Île-de-France,Modification,orange,2.3564421,48.6768607
Secours Catholique Val d’Yerres,Essonne,Île-de-France,Modification,orange,2.5248324,48.6976299
Secours Catholique Yerres,Essonne,Île-de-France,Modification,orange,2.4839278,48.7102266
Secours Catholique Crosne,Essonne,Île-de-France,Ouvert,green,2.4617223,48.71546089999999
Secours Catholique Morangis,Essonne,Île-de-France,Ouvert,green,2.3431349,48.69512470000001
Secours Catholique Gif-sur-Yvette,Essonne,Île-de-France,Fermé,red,2.1323041,48.70201429999999
Secours Catholique Bures-sur-Yvette,Essonne,Île-de-France,Ouvert,green,2.1626941,48.6958214
Secours Catholique Villebon-sur-Yvette,Essonne,Île-de-France,Modification,orange,2.2343722,48.69970199999999
Secours Catholique Massy,Essonne,Île-de-France,Ouvert,green,2.2732767,48.7298477
Secours Catholique Bièvres,Essonne,Île-de-France,Fermé,red,2.2159156,48.75427119999999
Secours Catholique Igny Vauhallan,Essonne,Île-de-France,Ouvert,green,2.2281167,48.74053379999999
Secours Catholique Palaiseau,Essonne,Île-de-France,Modification,orange,2.2412671,48.7120536
Conférence SSVP Limours,Essonne,Île-de-France,Fermé,red,2.0773033,48.6455984
Conférence SSVP Brunoy,Essonne,Île-de-France,Fermé,red,2.5028335,48.697422
Conférence SSVP Longjumeau,Essonne,Île-de-France,Fermé,red,2.2931015,48.6928352
Conférence SSVP Athis-Mons,Essonne,Île-de-France,Fermé,red,2.3718041,48.7071113
Bateau Social Draveil,Essonne,Île-de-France,Ouvert,green,2.429469,48.6905902
Paroles de Femmes - le Relais,Essonne,Île-de-France,Ouvert,green,2.2925057,48.7321877
Association ACINA,Essonne,Île-de-France,Fermé,red,2.4780657,48.6098323
SPADA Evry,Essonne,Île-de-France,Ouvert,green,2.4446811,48.6208325
Secours populaire Paray-Vieille-Poste,Essonne,Île-de-France,Fermé,red,2.357063999999999,48.7135437
Association ACINA - permanence Orsay,Essonne,Île-de-France,Fermé,red,2.1882111,48.6988704
Secours populaire Epinay-sous-Sénart,Essonne,Île-de-France,Ouvert,green,2.5266648,48.6990271
CCAS Les Ulis,Essonne,Île-de-France,Modification,orange,2.1699596,48.6840741
CCAS Leuville-sur-Orge,Essonne,Île-de-France,Fermé,red,2.2638719,48.6162091
CCAS Limours-en-Hurepoix,Essonne,Île-de-France,Fermé,red,2.0784284,48.6457645
CCAS Linas,Essonne,Île-de-France,Fermé,red,2.2665748,48.6313922
CCAS Lisses,Essonne,Île-de-France,Fermé,red,2.4251068,48.59731379999999
CCAS Longjumeau (Maison de la Fraternité),Essonne,Île-de-France,Ouvert,green,2.295974299999999,48.6890456
CCAS Marcoussis,Essonne,Île-de-France,Ouvert,green,2.2292066,48.6412042
CCAS de Massy,Essonne,Île-de-France,Ouvert,green,2.2697937,48.7316036
CCAS Mennecy,Essonne,Île-de-France,Ouvert,green,2.4448971,48.5674274
CCAS Montgeron,Essonne,Île-de-France,Fermé,red,2.461583,48.7036766
CCAS Morsang-sur-Orge,Essonne,Île-de-France,Fermé,red,2.3464839,48.6617672
CCAS Orsay,Essonne,Île-de-France,Ouvert,green,2.1876533,48.69903049999999
CCAS Palaiseau,Essonne,Île-de-France,Ouvert,green,2.2520256,48.7164628
CCAS Le Plessis-Pâté,Essonne,Île-de-France,Fermé,red,2.3251282,48.6123324
CCAS Ris-Orangis,Essonne,Île-de-France,Fermé,red,2.41603,48.65361859999999
CCAS Sainte-Geneviève-des-Bois,Essonne,Île-de-France,Ouvert,green,2.326374,48.641074
CCAS Saint-Germain-Lès-Arpajon,Essonne,Île-de-France,Fermé,red,2.2594855,48.5950405
CCAS Saint-Michel-sur-Orge,Essonne,Île-de-France,Ouvert,green,2.3142005,48.6388615
CCAS Vigneux-sur-Seine,Essonne,Île-de-France,Fermé,red,2.4155044,48.7009983
CCAS Villemoisson-sur-Orge,Essonne,Île-de-France,Ouvert,green,2.3297346,48.661872
CCAS Viry-Châtillon,Essonne,Île-de-France,Fermé,red,2.3750461,48.67010389999999
CCAS Wissous,Essonne,Île-de-France,Ouvert,green,2.3268736,48.73165119999999
CCAS Verrières-le-Buisson,Essonne,Île-de-France,Fermé,red,2.2671379,48.74646509999999
PRO EMPLOI Interim - Juvisy-sur-Orge,Essonne,Île-de-France,Ouvert,green,2.3803962,48.6865003
Secours Catholique - Délégation de l'Essonne,Essonne,Île-de-France,Fermé,red,2.4288308,48.624966
Epicerie Sociale l'Oasis - CCAS de Montgeron,Essonne,Île-de-France,Ouvert,green,2.461583,48.7036766
Epicerie Sociale - CCAS d'Epinay-sous-Sénart,Essonne,Île-de-France,Ouvert,green,2.5238436,48.69570770000001
Epicerie solidaire ESCALE ,Essonne,Île-de-France,Ouvert,green,2.347295,48.64034589999999
Point Information Jeunesse - Orsay,Essonne,Île-de-France,Ouvert,green,2.185107,48.6960029
Point Information Jeunesse - Viry-Châtillon,Essonne,Île-de-France,Ouvert,green,2.375061,48.675109
Point Information Jeunesse - Brunoy,Essonne,Île-de-France,Ouvert,green,2.5028173,48.6972658
Point Information Jeunesse - Chilly-Mazarin,Essonne,Île-de-France,Ouvert,green,2.3139927,48.7017472
Point Animation Jeunesse (PAJ) - Athis-Mons,Essonne,Île-de-France,Modification,orange,2.3856259,48.705778
Point Information Jeunesse - Brétigny-sur-Orge,Essonne,Île-de-France,Ouvert,green,2.3056215,48.60988989999999
Point Information Jeunesse - Fleury-Mérogis,Essonne,Île-de-France,Ouvert,green,2.3626572,48.6394223
 Point Information Jeunesse - Grigny,Essonne,Île-de-France,Modification,orange,2.392722,48.6532152
Point Information Jeunesse - Itteville,Essonne,Île-de-France,Ouvert,green,2.3416797,48.5147104
Point Information Jeunesse Les Ulis,Essonne,Île-de-France,Ouvert,green,2.170694999999999,48.68258399999999
Point Information Jeunesse Longjumeau,Essonne,Île-de-France,Ouvert,green,2.2950661,48.6917766
Point Information Jeunesse Morsang-sur-Orge,Essonne,Île-de-France,Ouvert,green,2.352076,48.664165
Point Information Jeunesse - Palaiseau,Essonne,Île-de-France,Ouvert,green,2.2479871,48.7174017
Point Information Jeunesse Saint-Michel-sur-Orge,Essonne,Île-de-France,Ouvert,green,2.3249953,48.6325241
Point Information Jeunesse Saulx-les-Chartreux,Essonne,Île-de-France,Ouvert,green,2.2642937,48.6914036
Service Information Jeunesse - Vigneux-sur-Seine,Essonne,Île-de-France,Ouvert,green,2.4233845,48.70098780000001
Point Information Jeunesse Verrières-le-Buisson,Essonne,Île-de-France,Ouvert,green,2.2678997,48.74751699999999
Centre gratuit d'information de dépistage et de diagnostic (CeGIDD) - Arpajon,Essonne,Île-de-France,Ouvert,green,2.240043999999999,48.58171229999999
Centre gratuit d'information de dépistage et de diagnostic (CeGIDD) - Corbeil-Essonnes,Essonne,Île-de-France,Ouvert,green,2.474506099999999,48.61248619999999
Centre gratuit d'information de dépistage et de diagnostic (CeGIDD) - Dourdan,Essonne,Île-de-France,Ouvert,green,2.0014179,48.5331193
Centre gratuit d'information de dépistage et de diagnostic (CeGIDD) - Etampes,Essonne,Île-de-France,Ouvert,green,2.1665158,48.43339779999999
Centre gratuit d'information de dépistage et de diagnostic (CeGIDD) - Evry,Essonne,Île-de-France,Ouvert,green,2.4214623,48.63484039999999
Centre gratuit d'information de dépistage et de diagnostic (CeGIDD) - Juvisy-sur-Orge,Essonne,Île-de-France,Ouvert,green,2.3756196,48.6912518
Centre gratuit d'information de dépistage et de diagnostic (CeGIDD) - Les Ulis,Essonne,Île-de-France,Ouvert,green,2.1718238,48.6866311
Centre gratuit d'information de dépistage et de diagnostic (CeGIDD) - Massy,Essonne,Île-de-France,Ouvert,green,2.2731786,48.73116110000001
Maison Départementale des Solidarités Athis-Mons,Essonne,Île-de-France,Ouvert,green,2.3716146,48.6985162
Centre de lutte Anti Tuberculeuse de l’Essonne  (CLAT91),Essonne,Île-de-France,Ouvert,green,2.437981,48.6279006
Maison Départementale des Solidarités de Viry-Châtillon,Essonne,Île-de-France,Ouvert,green,2.3801757,48.6859559
Maison Départementale des Solidarités de Draveil,Essonne,Île-de-France,Ouvert,green,2.4251944,48.6915801
 Centre départemental de prévention et de santé (CDPS) - Evry,Essonne,Île-de-France,Ouvert,green,2.4238366,48.6354365
Centre départemental de prévention et de santé (CDPS) - Etampes,Essonne,Île-de-France,Ouvert,green,2.1665158,48.43339779999999
Maison Départementale des Solidarités de Montgeron,Essonne,Île-de-France,Ouvert,green,2.4614319,48.7072903
Centre départemental de prévention et de santé (CDPS) - Juvisy-sur-Orge,Essonne,Île-de-France,Ouvert,green,2.3765601,48.6921258
Centre départemental de prévention et de santé (CDPS) - Massy,Essonne,Île-de-France,Ouvert,green,2.2731957,48.7327233
Maison Départementale des Solidarités de Brunoy,Essonne,Île-de-France,Ouvert,green,2.4966059,48.68927559999999
Maison Départementale des Solidarités de Ris-Orangis,Essonne,Île-de-France,Ouvert,green,2.3989613,48.6517051
Maison Départementale des Solidarités d'Évry-Courcouronnes,Essonne,Île-de-France,Ouvert,green,2.4214623,48.63484039999999
Maison Départementale des Solidarités de Corbeil-Essonnes,Essonne,Île-de-France,Ouvert,green,2.4785684,48.5948241
Maison Départementale des Solidarités de Mennecy,Essonne,Île-de-France,Ouvert,green,2.4434927,48.5693086
Maison Départementale des Solidarités de Sainte-Geneviève-des-Bois,Essonne,Île-de-France,Ouvert,green,2.3462515,48.6441829
Maison Départementale des Solidarités de Brétigny-sur-Orge,Essonne,Île-de-France,Ouvert,green,2.2987175,48.6056023
Agence Départementale d’Information sur le Logement (ADIL) Essonne,Essonne,Île-de-France,Fermé,red,2.4247293,48.6354069
Maison Départementale des Solidarités d'Arpajon,Essonne,Île-de-France,Ouvert,green,2.2413615,48.58522289999999
Permanence ADIL - Arpajon,Essonne,Île-de-France,Fermé,red,2.2485284,48.5861819
Maison Départementale des Solidarités d'Étampes,Essonne,Île-de-France,Ouvert,green,2.161550999999999,48.4310523
Permanence ADIL - Chilly-Mazarin,Essonne,Île-de-France,Fermé,red,2.3208192,48.7025632
Permanence ADIL - Etampes,Essonne,Île-de-France,Fermé,red,2.1523467,48.43159629999999
Permanence ADIL - Evry- Courcouronnes,Essonne,Île-de-France,Fermé,red,2.4131695,48.6293338
Permanence ADIL - Les Ulis,Essonne,Île-de-France,Ouvert,green,2.16745,48.684757
Permanence ADIL - Longjumeau,Essonne,Île-de-France,Fermé,red,2.2962948,48.68892
Permanence ADIL - Massy,Essonne,Île-de-France,Fermé,red,2.2697937,48.7316036
Permanence ADIL - Ris-Orangis,Essonne,Île-de-France,Fermé,red,2.4121915,48.6586916
Permanence ADIL - Vigneux-sur-Seine,Essonne,Île-de-France,Fermé,red,2.4209045,48.700536
Permanence ADIL - Villemoisson-sur-Orge,Essonne,Île-de-France,Fermé,red,2.3384317,48.6594153
Maison Départementale des Solidarités des Ulis,Essonne,Île-de-France,Ouvert,green,2.1710606,48.6837171
Maison Départementale des Solidarités de Palaiseau,Essonne,Île-de-France,Ouvert,green,2.2520256,48.7164628
Maison des adolescents de l'Essonne,Essonne,Île-de-France,Fermé,red,2.3341438,48.6275585
Maison Départementale des Solidarités de Massy,Essonne,Île-de-France,Ouvert,green,2.2899666,48.7331005
Planning Familial 91,Essonne,Île-de-France,Ouvert,green,2.3756682,48.6503399
Maison Départementale des Solidarités de Chilly-Mazarin,Essonne,Île-de-France,Ouvert,green,2.3139208,48.70133129999999
Association La Récré  Lieu Accueil Enfant – Parent ,Essonne,Île-de-France,Ouvert,green,2.391148,48.6520141
Enfance et Partage ,Essonne,Île-de-France,Ouvert,green,2.4089247,48.678819
PLIE Intercommunal Nord Essonne,Essonne,Île-de-France,Fermé,red,2.3752411,48.6906848
Mouvement du Nid - Délégation de l'Essonne,Essonne,Île-de-France,Ouvert,green,2.5039558,48.6979127
PLIE Intercommunal Ensemble Vers l'Emploi,Essonne,Île-de-France,Ouvert,green,2.4793782,48.6127158
PLIE Intercommunal Ensemble Vers l'Emploi - Antenne de La Nacelle,Essonne,Île-de-France,Ouvert,green,2.4646879,48.5965705
PLIE Intercommunal Ensemble Vers l'Emploi - Antenne des Tarterêts,Essonne,Île-de-France,Ouvert,green,2.4614742,48.6151019
Pain2Vie Solidaire,Essonne,Île-de-France,Ouvert,green,2.33614,48.69522660000001
Resto du Cœur - Angerville,Essonne,Île-de-France,Ouvert,green,1.9963136,48.31156749999999
Resto du Cœur - Marolles-en-Hurepoix,Essonne,Île-de-France,Ouvert,green,2.3010272,48.565243
Centre de Planification et d'éducation familiale Brossolette de Vigneux-sur-Seine,Essonne,Île-de-France,Ouvert,green,2.4384784,48.7017803
Centre de Planification et d'éducation familiale d'Arpajon,Essonne,Île-de-France,Ouvert,green,2.2413615,48.58522289999999
Centre de Planification et d'éducation familiale d'Athis Mons,Essonne,Île-de-France,Ouvert,green,2.3659641,48.7054537
Centre de Planification et d'éducation familiale d'Etampes,Essonne,Île-de-France,Ouvert,green,2.1546182,48.4359546
Centre de Planification et d'éducation familiale d'Evry,Essonne,Île-de-France,Ouvert,green,2.4292285,48.6303817
Centre de Planification et d'éducation familiale d'Orsay,Essonne,Île-de-France,Ouvert,green,2.1885064,48.69777819999999
Centre de Planification et d'éducation familiale de Brétigny-sur-Orge,Essonne,Île-de-France,Ouvert,green,2.2987175,48.6056023
Centre de Planification et d'éducation familiale de Dourdan,Essonne,Île-de-France,Ouvert,green,2.0130113,48.5291925
Centre de Planification et d'éducation familiale de Grigny,Essonne,Île-de-France,Ouvert,green,2.387725499999999,48.6533191
Centre de Planification et d'éducation familiale de Longjumeau,Essonne,Île-de-France,Ouvert,green,2.2972342,48.6863749
Centre de Planification et d'éducation familiale de Massy,Essonne,Île-de-France,Ouvert,green,2.2731786,48.73116110000001
Centre de Planification et d'éducation familiale de Morsang-sur-Orge,Essonne,Île-de-France,Ouvert,green,2.3517524,48.65421970000001
Centre de Planification et d'éducation familiale de Palaiseau,Essonne,Île-de-France,Ouvert,green,2.2520256,48.7164628
Centre de Planification et d'éducation familiale de Quincy-sous-Sénart,Essonne,Île-de-France,Ouvert,green,2.5328947,48.6801549
Centre de Planification et d'éducation familiale de Ris-Orangis,Essonne,Île-de-France,Ouvert,green,2.4038154,48.6498877
Centre de Planification et d'éducation familiale de Savigny-sur-Orge,Essonne,Île-de-France,Ouvert,green,2.3638829,48.67915420000001
Centre de Planification et d'éducation familiale de Viry-Châtillon,Essonne,Île-de-France,Ouvert,green,2.3659399,48.6713494
Centre de Planification et d'éducation familiale de Yerres,Essonne,Île-de-France,Ouvert,green,2.49903,48.70925339999999
Centre de Planification et d'éducation familiale des Ulis,Essonne,Île-de-France,Ouvert,green,2.1642477,48.68029500000001
Centre de Planification et d'éducation familiale Jaurès de Corbeil-Essonnes,Essonne,Île-de-France,Ouvert,green,2.455897,48.6199111
Centre de Planification et d'éducation familiale Mozards de Corbeil-Essonnes,Essonne,Île-de-France,Ouvert,green,2.4798078,48.59287579999999
Maison de quartier des Tuileries	,Essonne,Île-de-France,Fermé,red,2.3896859,48.6592968
Centre Social / Maison de quartier Pablo Picasso	,Essonne,Île-de-France,Fermé,red,2.3905159,48.65508819999999
Centre Social / Maison de quartier Marie Curie	,Essonne,Île-de-France,Fermé,red,2.3896859,48.6592968
Maison de quartier du Village,Essonne,Île-de-France,Fermé,red,2.3896859,48.6592968
Point d'Accès aux Droits - Aide aux victimes d'Évry-Courcouronnes ,Essonne,Île-de-France,Ouvert,green,2.4131695,48.6293338
Guichet de Réclamation en Santé - PAD Evry-Courcouronnes,Essonne,Île-de-France,Ouvert,green,2.4282315,48.6233341
Point d'accès aux droits - Epinay-sous-Sénart,Essonne,Île-de-France,Ouvert,green,2.523979,48.69560999999999
Point d'information Jeunesse - Massy,Essonne,Île-de-France,Ouvert,green,2.2697937,48.7316036
Point d'accès aux droits de Grigny ,Essonne,Île-de-France,Ouvert,green,2.3861317,48.65379309999999
Point d'Accès aux Droits et à la Médiation de Ris-Orangis (PADM),Essonne,Île-de-France,Ouvert,green,2.4121915,48.6586916
Espace Lino Ventura,Essonne,Île-de-France,Ouvert,green,2.2586936,48.7302749
Espace Bièvre Poterne,Essonne,Île-de-France,Ouvert,green,2.2714849,48.7368585
Espace Massy-Opéra,Essonne,Île-de-France,Ouvert,green,2.2920401,48.7325801
Espace Thomas Mazarik,Essonne,Île-de-France,Ouvert,green,2.264307,48.7377943
Epicerie sociale - CCAS de Vigneux sur Seine,Essonne,Île-de-France,Ouvert,green,2.4155044,48.7009983
Soutien Ecoute Prison de l'Essonne,Essonne,Île-de-France,Ouvert,green,2.3616151,48.6634412
Centre Social Croix de Vernailles,Essonne,Île-de-France,Ouvert,green,2.1668401,48.444601
Association Léa Solidarité Femmes,Essonne,Île-de-France,Fermé,red,2.4604529,48.703859
Permanence d'Etampes Paroles de Femmes - le Relais ,Essonne,Île-de-France,Ouvert,green,2.1665158,48.43339779999999
Permanence des Ulis Paroles de Femmes - le Relais ,Essonne,Île-de-France,Ouvert,green,2.1767986,48.6838785
Permanence de Palaiseau Paroles de Femmes - le Relais,Essonne,Île-de-France,Ouvert,green,2.2520256,48.7164628
Médiavipp 91,Essonne,Île-de-France,Ouvert,green,2.4313952,48.6286068
Permanence Médiavipp 91 Evry,Essonne,Île-de-France,Ouvert,green,2.437981,48.6279006
Permanence Médiavipp 91 Arpajon,Essonne,Île-de-France,Ouvert,green,2.2485284,48.5861819
Permanence Médiavipp 91 Athis-Mons,Essonne,Île-de-France,Ouvert,green,2.372312099999999,48.6985104
Permanence Médiavipp 91 Boussy-Saint-Antoine,Essonne,Île-de-France,Ouvert,green,2.530174,48.6892489
Permanence Médiavipp 91 Brétigny-sur-Orge,Essonne,Île-de-France,Ouvert,green,2.3049349,48.6143465
Permanence Médiavipp 91 Brunoy - Hautes Mardelles,Essonne,Île-de-France,Ouvert,green,2.518728299999999,48.70783249999999
Permanence Médiavipp 91 Brunoy,Essonne,Île-de-France,Ouvert,green,2.5039558,48.6979127
Permanence Médiavipp 91 Chilly-Mazarin,Essonne,Île-de-France,Ouvert,green,2.3207062,48.7028572
Permanence Médiavipp 91 Corbeil-Essonnes,Essonne,Île-de-France,Ouvert,green,2.470199599999999,48.6085546
Permanence Médiavipp 91 Dourdan,Essonne,Île-de-France,Ouvert,green,2.014903,48.5287576
Permanence Médiavipp 91 Epinay-sous-Senart,Essonne,Île-de-France,Ouvert,green,2.523979,48.69560999999999
Permanence Médiavipp 91 Etampes,Essonne,Île-de-France,Ouvert,green,2.1638749,48.4376894
Permanence Médiavipp 91 Gif-sur-Yvette,Essonne,Île-de-France,Ouvert,green,2.1301529,48.6971854
Permanence Médiavipp 91 Grigny,Essonne,Île-de-France,Ouvert,green,2.3849218,48.6525501
Permanence Médiavipp 91 Juvisy-sur-Orge,Essonne,Île-de-France,Ouvert,green,2.3756196,48.6912518
Permanence Médiavipp 91 Linas,Essonne,Île-de-France,Ouvert,green,2.2665748,48.6313922
Permanence Médiavipp 91 Les Ulis,Essonne,Île-de-France,Ouvert,green,2.16745,48.684757
Permanence Médiavipp 91 Longjumeau,Essonne,Île-de-France,Ouvert,green,2.2963421,48.695418
Permanence Médiavipp 91 Palaiseau,Essonne,Île-de-France,Ouvert,green,2.2513433,48.7133597
Permanence Médiavipp 91 Quincy-sous-Sénart,Essonne,Île-de-France,Ouvert,green,2.5328947,48.6801549
Permanence Médiavipp 91 Ris-Orangis,Essonne,Île-de-France,Ouvert,green,2.4121915,48.6586916
Permanence Médiavipp 91 Saint-Michel-sur-Orge,Essonne,Île-de-France,Ouvert,green,2.3184306,48.63669420000001
Permanence Médiavipp 91 Sainte-Geneviève-des-Bois - MSP,Essonne,Île-de-France,Ouvert,green,2.3495018,48.63764459999999
Permanence Médiavipp 91 Sainte-Geneviève-des-Bois Mairie,Essonne,Île-de-France,Ouvert,green,2.326374,48.641074
Permanence Médiavipp 91 Vigneux-sur-Seine,Essonne,Île-de-France,Ouvert,green,2.4209045,48.700536
Permanence Médiavipp 91 Villemoisson-sur-Seine,Essonne,Île-de-France,Ouvert,green,2.3384317,48.6594153
Permanence Médiavipp 91 Yerres,Essonne,Île-de-France,Ouvert,green,2.4814319,48.71075099999999
Grigny Coup de pouce ,Essonne,Île-de-France,Ouvert,green,2.3756682,48.6503399
